{"cameraMode":{"drawMode":0,"name":"Shaded","section":"Shading Mode"},"sceneLighting":true,"audioPlay":false,"sceneViewState":{"showFog":false,"showMaterialUpdate":false,"showSkybox":true,"showFlares":false,"showImageEffects":false,"showParticleSystems":false},"in2DMode":false,"pivot":{"x":0.8913941383361816,"y":16.59795379638672,"z":-24.969270706176759},"rotation":{"x":-0.21859247982501985,"y":0.03426733613014221,"z":-0.007812174968421459,"w":-0.9752516746520996},"size":3.2333261966705324,"orthographic":false}